Item,Reference(s),Quantity,Manufacturer,Manufacturer Part Number,Vendor,Vendor Part Number,Description,Package
1,C1,1,Taiyo Yuden,GMK212BBJ106MG-T,Digi-Key,587-4894-1-ND,CAP CER 10UF 35V X5R,0805 (2012 Metric)
2,C10 C12 C14 C16 C18 C20 C22 C24 C26 C4 C6 C8 C2,13,Vishay Sprague,298D105X0016K2T,Digi-Key,718-1618-1-ND,CAP TANT 1UF 20% 16V,0402
3,C11 C13 C15 C17 C19 C21 C23 C25 C27 C5 C7 C9,12,Murata Electronics,GRM155R71H473KE14D,Digi-Key,490-10702-1-ND,CAP CER 0.047UF 50V X7R 0402,0402
4,C3,1,Yageo,CC0402ZRY5V8BB104,Digi-Key,311-1375-1-ND,CAP CER 0.1UF 25V Y5V,0402
5,D1,1,Nexperia USA Inc.,PMEG45U10EPDAZ,Digi-Key,1727-7645-1-ND,DIODE SCHOTTKY 45V 10A,CFP15
6,D10 D12 D14 D16 D18 D20 D22 D24 D26 D4 D6 D8 D2,13,Diodes Incorporated,BAS116LPH4-7B,Digi-Key,BAS116LPH4-7BDICT-ND,DIODE GEN PURP 85V 215MA 2DFN,0402
7,D11 D13 D15 D17 D19 D21 D23 D25 D3 D5 D7 D9,12,Comchip Technology,CDBQR0230L,Digi-Key,641-1275-1-ND,DIODE SCHOTTKY 30V 200MA,0402
8,L1 L10 L11 L12 L13 L2 L3 L4 L5 L6 L7 L8 L9,13,Lite-On Inc.,LTST-C170GKT,Digi-Key,160-1179-1-ND,LED GREEN CLEAR SMD,0805 (2012 Metric)
9,P1,1,CUI Devices,PJ-015BH-SMT-TR,Digi-Key,CP-015BHPJ-CT-ND,CONN PWR JACK 2.5X5.5MM SOLDER,
10,P10 P11 P12 P13 P14 P3 P4 P5 P6 P7 P8 P9,12,Mill-Max Manufacturing Corp.,9837-0-15-80-14-27-10-0,Digi-Key,ED10170-ND,Pin Receptacle Connector 0.065in to 0.082in,
11,P2,1,Amphenol RF,031-5633-1010,Digi-Key,ARF2116-ND,CONN BNC JACK STR 50 OHM PCB,
12,R1 R2 R3 R12 R16 R20 R24 R28 R32 R36 R40 R44 R48 R52 R8,15,Panasonic Electronic Components,ERJ-PA2F2201X,Digi-Key,P17226CT-ND,RES SMD 2.2K OHM 1% 1/5W,0402
13,R10 R14 R18 R22 R26 R30 R34 R38 R42 R46 R50 R6,12,Panasonic Electronic Components,ERJ-2RKF1373X,Digi-Key,P137KLCT-ND,RES SMD 137K OHM 1% 1/10W,0402
14,R11 R15 R19 R23 R27 R31 R35 R39 R43 R47 R51 R7,12,Panasonic Electronic Components,ERJ-2RKF2053X,Digi-Key,P205KLCT-ND,RES SMD 205K OHM 1% 1/10W 0402,0402
15,R13 R17 R21 R25 R29 R33 R37 R41 R45 R49 R53 R9,12,Panasonic Electronic Components,ERJ-PA2F2002X,Digi-Key,P124454CT-ND,,0402
16,R4 R5,2,Panasonic Electronic Components,ERJ-PA2F4702X,Digi-Key,P17234CT-ND,RES SMD 47K OHM 1% 1/5W,0402
17,T1 T10 T11 T12 T2 T3 T4 T5 T6 T7 T8 T9,12,Phoenix Contact,1988956,Digi-Key,277-1779-ND,,
18,TEENSY1,2,Sullins Connector Solutions,PPPC141LFBN-RC,Digi-Key,S7047-ND,CONN HDR 14POS 0.1 GOLD PCB,
19,U1,1,Microchip Technology,AT42QT2120-MMHR,Digi-Key,AT42QT2120-MMHRCT-ND,IC TOUCH SENSOR 12CH,20-VFQFN
20,U10 U11 U12 U13 U2 U3 U4 U5 U6 U7 U8 U9,12,Texas Instruments,DRV103U,Digi-Key,296-11622-ND,IC LO-SIDE DRIVER PWM 8SOIC,8SOIC
,FID1 FID2 FID3 FID4 MH1 MH10 MH11 MH12 MH13 MH14 MH2 MH3 MH4 MH5 MH6 MH7 MH8 MH9 S1 S10 S11 S12 S2 S3 S4 S5 S6 S7 S8 S9,30,,,,,,
